"","fips","year","state","county","yrs_potential_life_lost_rate","percent_fair_poor_health","phys_unhealthy_days","mentally_unhealthy_days","preventable_hosp_rate","percent_smokers","low_birthweight","excessive_drinking","mental_health_providers","mental_health_providers_ratio","percent_unemployed","violent_crime_rate","income_ratio","eighty_percentile_income","twenty_percentile_income","labor_force","percent_child_poverty"
"1",41000,2018,"Oregon","state_year","6016.4148501",15.82219,3.84761,4.46476,"33.91","16.210885143","6.2899538346",18.53224,"18082","226:1",100296,"244.59185551",4.63538,104157,22470,2055120,17.2
"2",41001,2018,"Oregon","Baker","7917.5788477",13.87871,3.70484,4.14402,"36.97","15.286400992","6.8122270742",18.08994,"82","196:1",449,"216.42769442",4.35109,79947,18374,6972,26.2
"3",41003,2018,"Oregon","Benton","4243.2508202",13.24667,3.73197,4.20109,"22.08","14.028612355","5.3801169591",20.35584,"655","136:1",1837,"119.28871705",6.00611,111023,18485,46888,13
"4",41005,2018,"Oregon","Clackamas","5185.5481668",10.37175,3.19504,4.01815,"28.05","12.987509924","5.9218275924",20.77303,"1047","390:1",9461,"96.305525332",4.11854,128070,31096,213012,10.7
"5",41007,2018,"Oregon","Clatsop","7940.7548167",14.30096,3.68313,4.33304,"49.39","16.129745231","6.6872427984",19.05423,"96","402:1",908,"139.89533011",4.34233,94398,21739,19043,18.5
"6",41009,2018,"Oregon","Columbia","6760.1488039",12.86892,3.52903,4.2518,"43.39","15.294710779","6.0483870968",19.39378,"138","368:1",1460,"102.19445561",4.43776,102459,23088,23494,13.3
"7",41011,2018,"Oregon","Coos","8650.010905",17.21495,4.17017,4.55674,"46.66","19.282711481","6.0975609756",17.1439,"203","314:1",1719,"165.18920387",4.49309,76032,16922,26521,25.5
"8",41013,2018,"Oregon","Crook","7247.7024171",15.49365,3.86516,4.47622,"37.61","15.716879789","7.0707070707",17.29948,"88","256:1",654,"223.66003674",3.9934,78103,19558,9354,22.9
"9",41015,2018,"Oregon","Curry","9809.3011329",15.02976,4.01759,4.35483,"31.68","14.923724568","6.0917721519",15.91875,"74","307:1",624,"105.77677688",4.311,78305,18164,9080,24.5
"10",41017,2018,"Oregon","Deschutes","5103.0120996",13.8214,3.54247,3.98304,"25.5","13.710796688","6.446308173",20.54584,"717","253:1",4408,"213.38608318",4.35454,103625,23797,89943,14.2
"11",41019,2018,"Oregon","Douglas","9290.1280241",15.2707,3.89954,4.48079,"36.31","15.855366234","6.7414248021",16.65014,"280","387:1",2932,"171.19895866",4.34147,81320,18731,45891,23.2
"12",41021,2018,"Oregon","Gilliam",NA,14.3053,3.78468,4.19557,"56.73","14.727896872","8.3969465649",16.83397,"1","1854:1",50,"16.911889058",3.89892,79733,20450,842,20.5
"13",41023,2018,"Oregon","Grant","5322.5469682",14.17934,3.74439,4.35585,"35.19","15.077294789","6.0465116279",16.02803,"19","377:1",243,"22.700444929",4.60887,81660,17718,3131,24.6
"14",41025,2018,"Oregon","Harney","9283.7129003",14.60772,3.86801,4.3384,"27.32","15.645506281","6.4347826087",17.29352,"36","203:1",217,"64.501266989",4.0015,77321,19323,3442,23.6
"15",41027,2018,"Oregon","Hood River","4687.7403454",15.71637,3.78711,4.1136,"30.83","15.249233836","5.3958648512",20.41331,"77","302:1",587,"167.46474082",3.67398,102291,27842,13975,16.8
"16",41029,2018,"Oregon","Jackson","6895.5629161",13.3009,3.67841,4.3652,"34.04","17.689161379","6.4353389935",20.68607,"748","289:1",5891,"326.4428293",4.63664,89923,19394,101776,19
"17",41031,2018,"Oregon","Jefferson","9097.5642863",19.05374,4.36938,4.73423,"42.13","18.58224696","7.0787637089",17.41908,"31","745:1",659,"132.60758947",3.57914,82764,23124,9859,24.7
"18",41033,2018,"Oregon","Josephine","8828.7222145",17.09299,4.24822,4.90013,"41.64","18.333557628","6.2146892655",16.58148,"586","147:1",2260,"219.15555254",4.59013,76164,16593,34465,24.3
"19",41035,2018,"Oregon","Klamath","8372.5874015",17.18834,4.3049,4.44862,"37.8","17.57638561","8.5857680588",18.35933,"261","255:1",2019,"219.58091124",4.45164,81100,18218,29426,27.7
"20",41037,2018,"Oregon","Lake","6913.1094221",17.1515,4.13127,4.50212,"51.89","17.262260924","8.2551594747",16.50792,"12","653:1",224,NA,3.92373,66056,16835,3482,25.4
"21",41039,2018,"Oregon","Lane","6519.3998874",13.90718,3.87629,4.15095,"31.86","15.209043782","6.6239316239",19.28401,"2782","133:1",9230,"246.24321914",4.85878,90315,18588,179242,19.9
"22",41041,2018,"Oregon","Lincoln","9002.5436619",16.56633,3.9554,4.49184,"36.49","16.99791888","7.413509061",17.75091,"162","295:1",1192,"326.86077168",4.38548,80706,18403,20986,30
"23",41043,2018,"Oregon","Linn","7077.1857886",15.32118,4.01983,4.44067,"33.09","16.390276478","6.4075014651",16.29129,"170","723:1",3290,"102.83638396",4.31033,86448,20056,57129,17.5
"24",41045,2018,"Oregon","Malheur","7265.3029318",20.53629,4.34026,4.56148,"42.57","18.375974962","6.6535562111",16.98155,"124","245:1",706,"283.53326063",5.0528,72063,14262,12539,31
"25",41047,2018,"Oregon","Marion","5892.1982076",17.19041,3.96063,4.46682,"35.36","15.787428502","5.9101578829",17.47266,"1000","336:1",8103,"234.90558939",4.10278,93248,22728,158561,19.6
"26",41049,2018,"Oregon","Morrow","6781.4768229",17.35076,3.84748,4.13764,"42.51","15.674749646","6.3677130045",18.12652,"70","161:1",288,"156.10273327",3.4886,89957,25786,5733,19.2
"27",41051,2018,"Oregon","Multnomah","6087.4988607",13.56862,3.48636,3.96929,"28.89","15.069742274","6.3679495536",22.05508,"5822","137:1",19128,"475.52964719",5.03333,114161,22681,446379,18.7
"28",41053,2018,"Oregon","Polk","5884.9087599",14.70987,3.66858,4.19521,"34.06","14.600231637","5.6218905473",19.59066,"207","395:1",1957,"240.08875483",4.2391,100704,23756,38120,14
"29",41055,2018,"Oregon","Sherman",NA,13.99365,3.7021,4.21418,"61.69","14.942213921",NA,17.31295,NA,NA,41,"96.487842532",4.75936,88643,18625,900,18.2
"30",41057,2018,"Oregon","Tillamook","7255.158263",14.53913,3.6045,4.19665,"40.91","15.835850427","6.4183381089",17.15563,"66","396:1",585,"92.956271275",3.97738,82296,20691,11668,20.4
"31",41059,2018,"Oregon","Umatilla","6306.9015186",17.68201,3.83864,4.17385,"35.3","18.309778868","6.4529166105",18.46566,"228","335:1",1966,"173.68290464",4.24497,87336,20574,36291,19.1
"32",41061,2018,"Oregon","Union","7030.7145784",16.5655,4.03374,4.43709,"43.39","17.588720775","6.8311195446",18.01019,"70","373:1",717,"141.14977706",4.74135,90171,19018,12073,19.9
"33",41063,2018,"Oregon","Wallowa","7524.3586382",13.58535,3.69471,4.11762,"54.26","14.574195436","6.2350119904",16.95885,"14","496:1",225,"14.46131598",4.68173,86186,18409,3334,22.5
"34",41065,2018,"Oregon","Wasco","7297.22789",14.90786,3.66256,4.14676,"43.35","15.255406203","5.9318075666",19.12156,"95","275:1",673,"118.6734654",3.7479,83612,22309,13789,21.8
"35",41067,2018,"Oregon","Washington","4142.3735292",11.95507,3.36045,3.6013,"26.15","12.517743414","6.0704486766",20.85054,"1756","332:1",13087,"148.89349573",4.21342,128918,30597,314169,11.6
"36",41069,2018,"Oregon","Wheeler",NA,16.29204,4.09666,4.47087,NA,"15.175028384",NA,14.55893,"3","448:1",30,"358.29451809",4.54746,69467,15276,690,39.9
"37",41071,2018,"Oregon","Yamhill","5491.1866255",14.97995,3.87052,4.2954,"38.49","15.933288829","6.0505910766",19.28305,"361","291:1",2476,"128.37267015",4.12312,103478,25097,52921,15.8
"38",41000,2019,"Oregon","state_year","6049.2323181",15.82219,3.84761,4.46476,"2903","16.210885143","6.3619140551",18.53224,"19755","210:1",86789,"248.69464455",4.58725,108984,23758,2104086,16.5
"39",41001,2019,"Oregon","Baker","7421.9115326",13.87871,3.70484,4.14402,"974","15.286400992","6.6666666667",18.08994,"89","180:1",386,"264.39391583",4.33419,84209,19429,7070,27.1
"40",41003,2019,"Oregon","Benton","4317.0257595",13.24667,3.73197,4.20109,"1683","14.028612355","5.4381846635",20.35584,"713","128:1",1570,"128.03222998",5.81994,114228,19627,48126,12
"41",41005,2019,"Oregon","Clackamas","5263.3826192",10.37175,3.19504,4.01815,"2349","12.987509924","5.9521272818",20.77303,"1146","360:1",8191,"160.08826767",4.15084,135446,32631,218947,9.9
"42",41007,2019,"Oregon","Clatsop","7644.5846511",14.30096,3.68313,4.33304,"3563","16.129745231","6.3563737409",19.05423,"106","370:1",795,"163.2782811",4.21485,98463,23361,19248,17.4
"43",41009,2019,"Oregon","Columbia","6174.9756972",12.86892,3.52903,4.2518,"3650","15.294710779","6.0502283105",19.39378,"158","328:1",1253,"133.21719527",4.1213,105497,25598,24224,16.6
"44",41011,2019,"Oregon","Coos","9048.3569518",17.21495,4.17017,4.55674,"4092","19.282711481","6.2645551933",17.1439,"228","280:1",1471,"170.38311388",4.71036,80208,17028,26645,27.3
"45",41013,2019,"Oregon","Crook","7663.9780974",15.49365,3.86516,4.47622,"2658","15.716879789","6.3394683027",17.29948,"94","246:1",599,"345.83479378",4.00623,83650,20880,9563,20.9
"46",41015,2019,"Oregon","Curry","8853.1015058",15.02976,4.01759,4.35483,"2414","14.923724568","6.3846767757",15.91875,"82","276:1",551,"108.04716494",4.59484,84761,18447,9049,24.5
"47",41017,2019,"Oregon","Deschutes","4892.5769244",13.8214,3.54247,3.98304,"2050","13.710796688","6.618247103",20.54584,"769","243:1",3937,"168.56831604",4.07415,105985,26014,93470,12.4
"48",41019,2019,"Oregon","Douglas","9229.6728758",15.2707,3.89954,4.48079,"3239","15.855366234","6.6850901434",16.65014,"289","379:1",2492,"218.73791992",4.20598,84801,20162,46572,22.6
"49",41021,2019,"Oregon","Gilliam",NA,14.3053,3.78468,4.19557,"2990","14.727896872","8.9430894309",16.83397,"2","928:1",36,"0",3.52048,80714,22927,865,17.7
"50",41023,2019,"Oregon","Grant","8125.9126945",14.17934,3.74439,4.35585,"2634","15.077294789","6.6820276498",16.02803,"20","360:1",216,"69.218522877",4.16033,84567,20327,3162,24.5
"51",41025,2019,"Oregon","Harney","9286.5314318",14.60772,3.86801,4.3384,"2425","15.645506281","6.0931899642",17.29352,"41","178:1",215,"230.49521548",4.0611,82948,20425,3438,22.9
"52",41027,2019,"Oregon","Hood River","4329.4572298",15.71637,3.78711,4.1136,"2669","15.249233836","4.9771457593",20.41331,"83","282:1",518,"147.02702703",3.8405,108375,28219,14359,14.6
"53",41029,2019,"Oregon","Jackson","7071.6714089",13.3009,3.67841,4.3652,"3282","17.689161379","6.5796796735",20.68607,"853","255:1",4959,"334.84498178",4.68504,93668,19993,103952,21
"54",41031,2019,"Oregon","Jefferson","8492.0086611",19.05374,4.36938,4.73423,"2441","18.58224696","7.4664011946",17.41908,"39","609:1",560,"222.19199202",4.01765,88991,22150,10041,26.3
"55",41033,2019,"Oregon","Josephine","9126.2493173",17.09299,4.24822,4.90013,"3067","18.333557628","6.5654008439",16.58148,"644","134:1",1905,"222.53309959",4.71957,79638,16874,35392,26.7
"56",41035,2019,"Oregon","Klamath","9184.5538345",17.18834,4.3049,4.44862,"2814","17.57638561","8.4350323044",18.35933,"293","228:1",1760,"217.60451146",4.52092,84591,18711,29880,25.8
"57",41037,2019,"Oregon","Lake","6428.1607849",17.1515,4.13127,4.50212,"3200","17.262260924","8.7452471483",16.50792,"13","605:1",202,NA,4.45993,69557,15596,3545,23.6
"58",41039,2019,"Oregon","Lane","6430.0487033",13.90718,3.87629,4.15095,"3298","15.209043782","6.7011141611",19.28401,"3004","125:1",8118,"330.47165229",4.82247,93580,19405,182399,18.4
"59",41041,2019,"Oregon","Lincoln","8861.6222224",16.56633,3.9554,4.49184,"3057","16.99791888","7.4666666667",17.75091,"191","256:1",1006,"347.39347672",4.29007,83000,19347,21197,25.8
"60",41043,2019,"Oregon","Linn","6704.5748493",15.32118,4.01983,4.44067,"2672","16.390276478","6.2921348315",16.29129,"189","662:1",2763,"112.0927847",4.11125,91023,22140,57998,18.2
"61",41045,2019,"Oregon","Malheur","8151.3035748",20.53629,4.34026,4.56148,"2801","18.375974962","7.2556264696",16.98155,"138","221:1",590,"225.73755405",4.6505,73929,15897,12618,29.8
"62",41047,2019,"Oregon","Marion","6329.450127",17.19041,3.96063,4.46682,"2932","15.787428502","5.9996116756",17.47266,"1089","313:1",6991,"232.69465542",4.05406,98846,24382,162450,20.4
"63",41049,2019,"Oregon","Morrow","6002.4603135",17.35076,3.84748,4.13764,"2609","15.674749646","6.0552092609",18.12652,"75","149:1",259,"330.80451658",3.43997,89876,26127,5856,18.6
"64",41051,2019,"Oregon","Multnomah","5911.7881808",13.56862,3.48636,3.96929,"2797","15.069742274","6.4261607927",22.05508,"6250","129:1",16606,"474.4613864",5.03729,120074,23837,457151,17.3
"65",41053,2019,"Oregon","Polk","6088.5234598",14.70987,3.66858,4.19521,"2572","14.600231637","5.5315614618",19.59066,"218","384:1",1716,"229.62330392",4.28717,104144,24292,39548,16.4
"66",41055,2019,"Oregon","Sherman",NA,13.99365,3.7021,4.21418,"4343","14.942213921",NA,17.31295,NA,NA,43,"57.87037037",4.47036,87172,19500,897,17.4
"67",41057,2019,"Oregon","Tillamook","7078.8769926",14.53913,3.6045,4.19665,"2343","15.835850427","6.2354312354",17.15563,"66","404:1",501,"97.414616089",4.16951,85846,20589,11786,21.5
"68",41059,2019,"Oregon","Umatilla","7022.9314161",17.68201,3.83864,4.17385,"3314","18.309778868","6.3162240264",18.46566,"255","302:1",1785,"223.27095199",4.27545,90229,21104,36924,19.5
"69",41061,2019,"Oregon","Union","7492.5206488",16.5655,4.03374,4.43709,"3319","17.588720775","7.2",18.01019,"71","369:1",638,"137.35200805",4.56447,92394,20242,12068,17.6
"70",41063,2019,"Oregon","Wallowa","7096.4978231",13.58535,3.69471,4.11762,"2942","14.574195436","6.4439140811",16.95885,"15","470:1",187,"0",4.74127,90857,19163,3359,20.2
"71",41065,2019,"Oregon","Wasco","7426.6013126",14.90786,3.66256,4.14676,"3490","15.255406203","6.3670411985",19.12156,"106","249:1",577,"158.69329618",4.00045,88086,22019,13955,20.8
"72",41067,2019,"Oregon","Washington","4108.8917171",11.95507,3.36045,3.6013,"2715","12.517743414","6.2090038704",20.85054,"2021","291:1",11304,"168.55767765",4.1617,135688,32604,323022,9.4
"73",41069,2019,"Oregon","Wheeler",NA,16.29204,4.09666,4.47087,NA,"15.175028384",NA,14.55893,"3","452:1",29,"183.82352941",4.79125,70235,14659,743,40.2
"74",41071,2019,"Oregon","Yamhill","6271.0037707",14.97995,3.87052,4.2954,"3398","15.933288829","6.2404287902",19.28305,"401","264:1",2060,"127.99672951",4.0429,108281,26783,54567,12.8
"75",41000,2020,"Oregon","state_year","5953.2176989",16.73357,4.22963,4.77692,"2944","16.087814031","6.4419875721",18.59276,"21859","192:1",87365,"248.69464455",4.55499,115091,25267,2104519,15.7
"76",41001,2020,"Oregon","Baker","8172.793566",14.81888,3.9772,4.45835,"926","15.068810597","6.6901408451",18.6312,"103","155:1",383,"264.39391583",4.43414,89645,20217,6976,22.7
"77",41003,2020,"Oregon","Benton","4132.4215312",13.57128,3.97786,4.25624,"1715","13.275460835","5.4263565891",21.28175,"825","112:1",1535,"128.03222998",5.81458,120577,20737,48345,11.9
"78",41005,2020,"Oregon","Clackamas","5147.8419977",11.78893,3.53175,4.085,"2601","13.190996573","5.9104752461",20.00655,"1291","322:1",8248,"160.08826767",4.21017,144413,34301,218998,7.9
"79",41007,2020,"Oregon","Clatsop","7565.5250627",14.68539,3.91045,4.26014,"3597","15.125297774","6.2522077005",19.31864,"115","346:1",795,"163.2782811",4.18045,103600,24782,19344,16
"80",41009,2020,"Oregon","Columbia","6471.6987855",13.55406,3.62765,4.13148,"3654","15.148181216","6.2589721504",19.54341,"187","280:1",1239,"133.21719527",4.06345,108108,26605,24387,13.1
"81",41011,2020,"Oregon","Coos","8531.2882983",16.32785,4.2808,4.58647,"4350","16.724625826","6.309440965",16.79776,"254","254:1",1433,"170.38311388",4.73052,84733,17912,26460,24.1
"82",41013,2020,"Oregon","Crook","7372.3480338",15.98455,4.20962,4.77667,"2519","16.697761325","6.5883887802",18.37388,"106","225:1",566,"345.83479378",3.74707,86280,23026,9464,19.7
"83",41015,2020,"Oregon","Curry","7424.0988932",16.01022,4.2383,4.5911,"2528","15.065972621","6.1274509804",15.39129,"91","251:1",549,"108.04716494",4.86739,93415,19192,8948,22.3
"84",41017,2020,"Oregon","Deschutes","4858.881969",12.97575,3.56961,4.16383,"2198","13.575481588","6.768435506",20.92225,"872","220:1",4020,"168.56831604",4.02674,114585,28456,95367,11.5
"85",41019,2020,"Oregon","Douglas","8762.3272593",15.1276,4.25361,4.80501,"2517","15.478514803","6.9106765328",16.81784,"308","358:1",2505,"218.73791992",4.26049,88631,20803,46374,21.3
"86",41021,2020,"Oregon","Gilliam",NA,13.8575,3.87389,4.37345,"1024","14.094710119","12.096774194",17.30726,"3","631:1",33,"0",3.73305,88115,23604,844,15.8
"87",41023,2020,"Oregon","Grant","8731.5870933",14.09222,4.00003,4.55412,"2897","14.679592238","6.2645011601",17.11234,"25","287:1",225,"69.218522877",4.47632,85247,19044,3099,20
"88",41025,2020,"Oregon","Harney","8762.9058316",15.66321,4.22497,4.69199,"2260","16.275000321","6.3520871143",17.80166,"44","167:1",212,"230.49521548",3.89967,87103,22336,3417,22.5
"89",41027,2020,"Oregon","Hood River","4265.7692975",15.85034,3.93488,4.27092,"2395","14.825855397","5.1109963862",19.49394,"82","286:1",485,"147.02702703",4.02112,117670,29263,14533,14.7
"90",41029,2020,"Oregon","Jackson","6985.2266314",15.84366,4.16407,4.81221,"3165","17.912384445","6.6787341614",20.36556,"985","223:1",5023,"334.84498178",4.62203,98343,21277,104763,21
"91",41031,2020,"Oregon","Jefferson","8303.634828",19.61247,4.80262,4.97806,"2436","18.652056665","7.5987841945",18.161,"56","432:1",559,"222.19199202",3.82848,90065,23525,10241,22.4
"92",41033,2020,"Oregon","Josephine","9222.4092545",16.07374,4.54896,5.09479,"3621","16.984629228","6.685561854",17.2058,"689","127:1",1990,"222.53309959",4.46393,81065,18160,35929,25.2
"93",41035,2020,"Oregon","Klamath","9169.7733692",17.60503,4.53851,4.73137,"3484","16.193287464","8.5238704957",17.09929,"318","213:1",1897,"217.60451146",4.6173,86976,18837,29499,25
"94",41037,2020,"Oregon","Lake","8550.8119272",17.68777,4.43553,4.80671,"2490","17.449994933","8.2191780822",16.43692,"15","525:1",200,NA,4.66733,77473,16599,3496,22.8
"95",41039,2020,"Oregon","Lane","6307.7082359",15.11288,4.11712,4.75827,"3427","15.360129816","6.8670050761",18.74715,"3266","116:1",8165,"330.47165229",4.67654,96898,20720,181761,22.4
"96",41041,2020,"Oregon","Lincoln","8153.9114322",16.37082,4.37245,4.82755,"3063","15.922154517","7.7811756711",16.64152,"219","226:1",1031,"347.39347672",4.29282,85762,19978,21215,20.3
"97",41043,2020,"Oregon","Linn","6762.362288",14.17094,3.79512,4.38645,"2547","16.574811402","6.1575875486",19.72904,"221","576:1",2771,"112.0927847",4.08371,95763,23450,58551,16.3
"98",41045,2020,"Oregon","Malheur","7734.9198606",20.87213,4.66337,4.80451,"2661","17.474126602","6.7192320878",18.60591,"155","198:1",575,"225.73755405",4.70157,80740,17173,12493,29
"99",41047,2020,"Oregon","Marion","6240.1040369",18.19102,4.18229,4.56711,"3227","15.409631356","6.1284331932",17.26311,"1193","291:1",6960,"232.69465542",4.11168,105037,25546,161676,19.2
"100",41049,2020,"Oregon","Morrow","5718.9179237",18.13802,4.17137,4.45729,"2387","15.520715551","7.1364046974",18.33652,"88","129:1",248,"330.80451658",3.64665,96556,26478,5732,21.1
"101",41051,2020,"Oregon","Multnomah","5835.1220677",14.78115,3.60241,4.60741,"3072","15.962060027","6.5398223131",23.72898,"6745","120:1",16843,"474.4613864",4.96963,126979,25551,456886,14.4
"102",41053,2020,"Oregon","Polk","5753.6132392",14.88418,3.8525,4.44941,"2596","14.344151249","5.618729097",19.10265,"238","358:1",1736,"229.62330392",4.25157,107977,25397,39695,13.5
"103",41055,2020,"Oregon","Sherman",NA,13.55213,3.87265,4.35086,NA,"13.925364098",NA,18.04757,NA,NA,37,"57.87037037",4.34551,89083,20500,898,16.4
"104",41057,2020,"Oregon","Tillamook","6653.5028644",14.1391,3.87219,4.36563,"2595","14.872262936","5.9130434783",17.55209,"73","367:1",525,"97.414616089",4.31254,90684,21028,11857,19.7
"105",41059,2020,"Oregon","Umatilla","7431.6126001",18.04581,4.30313,4.57027,"2870","15.798553279","6.3138737225",19.46305,"297","261:1",1819,"223.27095199",4.44295,93222,20982,36813,21.5
"106",41061,2020,"Oregon","Union","7210.9607558",15.6984,4.14383,4.60823,"3296","16.122620627","7.2120038722",18.14601,"80","331:1",644,"137.35200805",4.52378,93968,20772,11935,17.9
"107",41063,2020,"Oregon","Wallowa",NA,13.45435,3.84313,4.44316,"4086","14.100746461","5.8962264151",16.64332,"18","393:1",203,"0",4.89539,97991,20017,3318,19.9
"108",41065,2020,"Oregon","Wasco","7708.8339407",15.33703,3.98482,4.58149,"2712","15.639424163","6.3581112669",18.52036,"130","204:1",578,"158.69329618",3.88232,92438,23810,13384,19.7
"109",41067,2020,"Oregon","Washington","4108.5117316",12.22205,3.18562,3.55268,"2375","11.294746345","6.3011998345",17.86299,"2335","256:1",11257,"168.55767765",4.06228,143228,35258,322574,10
"110",41069,2020,"Oregon","Wheeler",NA,16.75764,4.40503,4.77571,"815","15.438358629",NA,14.87632,"4","342:1",25,"183.82352941",4.00686,68950,17208,723,35
"111",41071,2020,"Oregon","Yamhill","6050.8901223",13.73665,3.80389,4.30325,"3525","14.717227734","6.3385725329",19.54649,"425","252:1",2051,"127.99672951",4.16759,112825,27072,54524,13.7
"112",41000,2021,"Oregon","state_year","5918.7098563",18.19016,4.65152,4.79063,"2799","15.744216203","6.519062806",19.48763,"23240","181:1",78772,"248.69464455",4.55798,121648,26689,2104073,13.6
"113",41001,2021,"Oregon","Baker","8540.976815",19.15924,4.94882,5.24071,"906","21.068303169","7.0409982175",20.964,"108","149:1",331,"264.39391583",4.50296,95697,21252,7120,22
"114",41003,2021,"Oregon","Benton","3922.85466",16.05017,4.0625,4.81181,"1645","14.684941158","5.3466151657",18.34327,"923","101:1",1415,"128.03222998",5.72902,126892,22149,48151,11.4
"115",41005,2021,"Oregon","Clackamas","5052.8046489",14.65814,4.00591,4.63065,"2460","16.887832922","6.0938669328",21.77568,"1378","303:1",7425,"160.08826767",4.17334,150908,36160,219468,7.2
"116",41007,2021,"Oregon","Clatsop","6879.6510747",17.66961,4.42902,4.8025,"3421","18.214593246","6.4037626628",21.40109,"132","305:1",726,"163.2782811",4.01509,105348,26238,19385,15.5
"117",41009,2021,"Oregon","Columbia","6275.072754",17.71224,4.86664,5.13579,"3141","20.676114983","6.0124787294",23.84025,"203","258:1",1097,"133.21719527",4.26284,117650,27599,24437,11.6
"118",41011,2021,"Oregon","Coos","8149.8488514",21.03315,5.18392,5.41658,"4232","21.768833075","6.2928791105",20.40729,"274","235:1",1273,"170.38311388",4.51792,88750,19644,26147,21.9
"119",41013,2021,"Oregon","Crook","7136.5365442",20.60706,5.05974,5.30642,"2370","20.809988711","7.106918239",20.43735,"114","214:1",510,"345.83479378",3.69677,92752,25090,9593,17.1
"120",41015,2021,"Oregon","Curry","7632.4991926",18.59763,4.70632,5.03267,"2506","19.540421964","5.8919803601",21.48912,"97","236:1",463,"108.04716494",4.791,97928,20440,8895,19.9
"121",41017,2021,"Oregon","Deschutes","4773.1464764",15.0777,4.09716,4.61776,"2203","16.309009338","6.7425569177",22.10819,"928","213:1",3732,"168.56831604",4.03972,119701,29631,96093,11.3
"122",41019,2021,"Oregon","Douglas","9119.7514282",20.64862,5.03663,5.38562,"2334","22.106376895","7.0334354602",21.22252,"326","340:1",2276,"218.73791992",4.1597,91193,21923,46339,17.6
"123",41021,2021,"Oregon","Gilliam",NA,18.73716,4.72918,5.10269,"1642","19.545055531","11.206896552",20.54199,"3","637:1",35,"0",3.98868,90519,22694,947,16.1
"124",41023,2021,"Oregon","Grant","9040.6052842",19.62733,4.94957,5.18064,"891","20.572737562","6.9605568445",20.14572,"28","257:1",221,"69.218522877",4.63211,84675,18280,3185,20.6
"125",41025,2021,"Oregon","Harney","8704.7961797",19.90823,5.09223,5.3729,"2871","21.456408129","6",20.15347,"48","154:1",190,"230.49521548",3.83979,89947,23425,3577,20.1
"126",41027,2021,"Oregon","Hood River","4244.9525537",19.7781,4.58976,4.68676,"1740","17.03932733","5.4968287526",20.30595,"88","266:1",458,"147.02702703",3.94791,125587,31811,14470,12.1
"127",41029,2021,"Oregon","Jackson","6773.3992257",19.36943,4.8191,4.94003,"3066","20.68099834","6.7333710906",20.41631,"1098","201:1",4501,"334.84498178",4.66092,104041,22322,103451,18
"128",41031,2021,"Oregon","Jefferson","8328.5844973",22.94214,5.39446,5.47532,"3025","21.873156723","7.6961271102",21.04387,"59","418:1",512,"222.19199202",4.23265,98972,23383,10125,21.5
"129",41033,2021,"Oregon","Josephine","9217.7854154",21.89948,5.21519,5.55237,"2712","22.910738773","6.6633013629",18.13537,"718","122:1",1782,"222.53309959",4.50653,85935,19069,35786,23.4
"130",41035,2021,"Oregon","Klamath","9786.3995587",20.86532,4.99404,5.42089,"3209","21.637616712","8.166969147",21.51829,"324","211:1",1806,"217.60451146",4.80771,91933,19122,29291,22.9
"131",41037,2021,"Oregon","Lake","8651.6401673",22.04418,5.27348,5.45751,"2848","22.494732309","9.1428571429",21.4842,"15","525:1",195,NA,4.70732,83023,17637,3628,22.7
"132",41039,2021,"Oregon","Lane","6432.9260201",18.40965,4.75608,5.29793,"3282","17.436230522","6.9023431099",20.99661,"3426","112:1",7317,"330.47165229",4.65192,102119,21952,180588,13.7
"133",41041,2021,"Oregon","Lincoln","8456.1685648",19.24296,4.78325,5.19774,"3206","19.659959924","7.4947952811",20.91423,"230","217:1",901,"347.39347672",4.29643,89095,20737,20848,21.5
"134",41043,2021,"Oregon","Linn","6996.2845362",19.20781,5.04961,5.21102,"2481","18.826363904","6.146984681",18.60617,"234","554:1",2529,"112.0927847",3.99289,101627,25452,58720,16.4
"135",41045,2021,"Oregon","Malheur","7256.8148506",26.01073,5.6205,5.28115,"1988","22.055052538","7.125727989",19.85996,"156","196:1",510,"225.73755405",4.56636,81167,17775,12314,24.7
"136",41047,2021,"Oregon","Marion","5880.3116879",20.59585,4.66939,4.91847,"3111","18.240763536","6.2502051669",17.41426,"1242","280:1",6366,"232.69465542",4.06821,110212,27091,161879,14.2
"137",41049,2021,"Oregon","Morrow","6368.7317559",24.83502,5.25708,5.09946,"2575","20.672678406","6.8934646374",19.19991,"101","115:1",235,"330.80451658",3.62848,101583,27996,5712,16.6
"138",41051,2021,"Oregon","Multnomah","5902.8920155",16.62077,4.46608,4.86703,"2744","15.964306067","6.6355350151",23.68663,"7120","114:1",14878,"474.4613864",4.91767,135772,27609,455189,14.3
"139",41053,2021,"Oregon","Polk","5760.5747842",18.17628,4.7645,4.97354,"2204","17.942688668","5.8380729341",18.64922,"255","338:1",1620,"229.62330392",4.08735,112484,27520,39860,12.4
"140",41055,2021,"Oregon","Sherman",NA,18.26998,4.5891,4.90359,"2526","19.421543721",NA,21.61615,NA,NA,32,"57.87037037",3.91662,88727,22654,932,19
"141",41057,2021,"Oregon","Tillamook","6332.9318166",19.2212,5.04035,4.98308,"2799","18.756161265","5.875440658",21.04891,"77","351:1",458,"97.414616089",3.93964,92487,23476,11879,17.2
"142",41059,2021,"Oregon","Umatilla","7308.8856527",22.58616,5.08133,5.21408,"3168","20.792902262","6.3060498221",18.96663,"310","251:1",1765,"223.27095199",4.43851,101016,22759,36779,17.1
"143",41061,2021,"Oregon","Union","7522.9109679",19.68729,4.83956,5.06147,"2645","19.914921567","7.2620215898",20.75902,"90","298:1",576,"137.35200805",4.28214,96468,22528,11938,16.5
"144",41063,2021,"Oregon","Wallowa",NA,17.3733,4.48331,4.9137,"3201","18.991709938","5.2511415525",21.57063,"22","328:1",199,"0",5.11763,102542,20037,3420,18.8
"145",41065,2021,"Oregon","Wasco","7899.8262117",20.55957,4.9297,5.03022,"1803","19.565991321","6.1320754717",20.00666,"146","183:1",551,"158.69329618",3.82518,94918,24814,13360,18.2
"146",41067,2021,"Oregon","Washington","4069.1275776",14.66037,3.82159,4.42111,"2663","13.135328135","6.3766099623",20.16072,"2502","240:1",9998,"168.55767765",4.10401,152341,37120,325006,9
"147",41069,2021,"Oregon","Wheeler",NA,21.28992,5.18205,5.38334,"1340","21.62456129",NA,19.97706,"4","333:1",31,"183.82352941",3.55257,67609,19031,722,31.7
"148",41071,2021,"Oregon","Yamhill","5755.0837285",18.42769,4.65794,4.66548,"3584","17.664496255","6.7544879246",21.18606,"459","233:1",1858,"127.99672951",4.17596,122318,29291,54839,12.2
"149",41000,2022,"Oregon","state_year","6072.1798084",17.43699,3.9108,4.56434,"2378","14.90443486","6.5544124078",21.15012,"25667","165:1",159446,"248.69464455",4.52503,126927,28050,2104660,12.2
"150",41001,2022,"Oregon","Baker","9508.7837034",18.5,4.22958,4.91159,"819","17.7","8.2493125573",22.57951,"115","142:1",522,"264.39391583",4.62156,99285,21483,7285,18.8
"151",41003,2022,"Oregon","Benton","3953.6634814",15.5,3.73933,4.38658,"1801","13.8","5.2868852459",21.43001,"1084","86:1",2612,"128.03222998",5.52392,132226,23937,46257,11.3
"152",41005,2022,"Oregon","Clackamas","5267.4261275",15.1,3.49925,4.26814,"2081","13.9","5.9765821421",22.8744,"1506","280:1",15797,"160.08826767",4.11863,155429,37738,218040,6.6
"153",41007,2022,"Oregon","Clatsop","6873.8441754",18.3,4.10374,4.78079,"2966","17.6","6.5543756866",22.34211,"151","268:1",1823,"163.2782811",4.14831,110316,26593,19084,13
"154",41009,2022,"Oregon","Columbia","6675.0100221",18.7,4.19467,4.9316,"3246","19.4","6.2090572486",22.20453,"223","237:1",1906,"133.21719527",3.95808,120381,30414,24061,10.5
"155",41011,2022,"Oregon","Coos","7452.2704446",21.1,4.59485,5.17561,"3322","20.4","6.447746884",20.76766,"303","214:1",2290,"170.38311388",4.97154,98337,19780,26525,21.1
"156",41013,2022,"Oregon","Crook","7348.3065716",19.8,4.33082,4.96534,"1746","18.9","7.3891625616",21.72647,"128","196:1",911,"345.83479378",3.43692,100451,29227,10328,13.8
"157",41015,2022,"Oregon","Curry","8389.9126443",18.8,4.15411,4.8066,"2195","18.2","6.4212328767",22.32673,"106","220:1",774,"108.04716494",4.64614,101783,21907,8944,21.2
"158",41017,2022,"Oregon","Deschutes","5004.5523599",15.9,3.71229,4.46725,"1797","15.3","6.8831989885",23.80254,"1055","191:1",7764,"168.56831604",4.07704,127750,31334,97975,8.7
"159",41019,2022,"Oregon","Douglas","9195.1618387",20.5,4.46941,5.11062,"1764","20","7.1476285905",19.79023,"374","298:1",3658,"218.73791992",4.28784,95160,22193,47415,18.5
"160",41021,2022,"Oregon","Gilliam",NA,19.7,4.36729,4.97433,"2063","18.8","10.256410256",22.71676,"3","658:1",61,"0",5.26446,85000,16146,997,14.8
"161",41023,2022,"Oregon","Grant","7429.3444154",20.6,4.57153,5.21074,"458","20.4","7.3732718894",20.861,"30","239:1",267,"69.218522877",4.051,85634,21139,3211,19.6
"162",41025,2022,"Oregon","Harney","8437.8441869",19,4.33346,5.0339,"1996","18.9","6.0377358491",22.3556,"49","150:1",216,"230.49521548",3.82096,91833,24034,3670,21.4
"163",41027,2022,"Oregon","Hood River","4440.6811441",20.1,3.96425,4.34191,"1708","15.2","5.2287581699",21.0851,"100","233:1",885,"147.02702703",4.04012,139865,34619,14154,10.9
"164",41029,2022,"Oregon","Jackson","6893.8191421",18.8,4.21071,4.758,"2449","17.8","6.8536024527",20.52977,"1222","182:1",8210,"334.84498178",4.49675,108547,24139,105147,13.1
"165",41031,2022,"Oregon","Jefferson","10746.276304",22.3,4.56321,4.90062,"2292","18.5","7.411116675",19.66407,"57","436:1",848,"222.19199202",4.80935,108826,22628,10330,17.3
"166",41033,2022,"Oregon","Josephine","9342.755146",20.9,4.68481,5.20325,"2304","20.5","7.0453770044",20.88373,"774","114:1",2847,"222.53309959",4.63249,93340,20149,36124,18.7
"167",41035,2022,"Oregon","Klamath","9589.9225019",21.8,4.6502,5.06907,"2966","18.7","8.2224247949",19.87337,"352","195:1",2554,"217.60451146",5.10818,94721,18543,29511,20.6
"168",41037,2022,"Oregon","Lake","9465.2543667",22.9,4.79337,5.19488,"2541","20.2","9.8837209302",19.79446,"17","468:1",206,NA,4.66746,89690,19216,3647,18.6
"169",41039,2022,"Oregon","Lane","6556.945516",18.6,4.20409,4.80366,"2559","15.9","6.7356427764",22.15817,"3708","103:1",14103,"330.47165229",4.60723,106874,23197,178467,15.2
"170",41041,2022,"Oregon","Lincoln","8688.9298384",19.7,4.31677,4.89901,"2476","18.5","7.3144876325",21.88382,"238","213:1",2243,"347.39347672",4.24491,92921,21890,20598,20.4
"171",41043,2022,"Oregon","Linn","7287.6014204",19.6,4.31378,4.94248,"2009","17.5","5.9681313375",19.84846,"264","496:1",4568,"112.0927847",3.8641,104041,26925,58819,14
"172",41045,2022,"Oregon","Malheur","7442.4942945",26.4,4.93953,4.92311,"1580","19.6","7.2331460674",18.28841,"161","192:1",654,"225.73755405",4.45652,86256,19355,12617,24.2
"173",41047,2022,"Oregon","Marion","6120.286626",21.8,4.29474,4.63914,"2864","15.1","6.293008876",19.14354,"1337","261:1",11304,"232.69465542",4.02365,114183,28378,163017,16
"174",41049,2022,"Oregon","Morrow","7258.1267068",26.1,4.78573,4.88013,"3370","18.5","6.7366579178",19.16283,"103","114:1",295,"330.80451658",3.58176,102098,28505,5717,13.7
"175",41051,2022,"Oregon","Multnomah","6123.8849759",16.5,3.64785,4.25922,"2684","15.1","6.7021329488",24.54331,"7901","103:1",39302,"474.4613864",4.88434,142364,29147,457372,11.8
"176",41053,2022,"Oregon","Polk","5675.5576163",17.6,3.93932,4.56219,"2084","16.1","6.274050527",22.62975,"265","331:1",2639,"229.62330392",4.24679,119785,28206,40205,12.2
"177",41055,2022,"Oregon","Sherman",NA,19,4.23339,4.88956,"1722","18.4",NA,22.10412,NA,NA,60,"57.87037037",3.94591,96438,24440,983,17.7
"178",41057,2022,"Oregon","Tillamook","7518.6150874",19,4.19154,4.79925,"2649","17.4","5.2999417589",22.18647,"81","339:1",948,"97.414616089",3.63736,96019,26398,11710,15.5
"179",41059,2022,"Oregon","Umatilla","7692.8065131",24,4.60808,4.83484,"2476","17.9","6.1733865013",19.07869,"337","231:1",2505,"223.27095199",4.69824,105560,22468,37001,13
"180",41061,2022,"Oregon","Union","8024.4308884",19,4.29866,4.95894,"2469","17.9","7.0480081716",21.6093,"96","277:1",944,"137.35200805",4.10129,97344,23735,12053,14.8
"181",41063,2022,"Oregon","Wallowa",NA,17.4,4.08214,4.84973,"2724","17.4","4.9763033175",23.02456,"20","359:1",246,"0",4.38532,101029,23038,3473,16.4
"182",41065,2022,"Oregon","Wasco","7081.6656996",20.7,4.29178,4.75607,"1867","17.3","6.5134099617",21.23274,"158","167:1",953,"158.69329618",3.73682,100102,26788,13430,15.7
"183",41067,2022,"Oregon","Washington","4101.8007048",15.6,3.40179,4.01006,"2221","12.2","6.4767959863",21.08506,"2833","213:1",20837,"168.55767765",3.98011,156661,39361,321579,7.2
"184",41069,2022,"Oregon","Wheeler",NA,21.3,4.64502,5.15615,NA,"20.1",NA,21.57719,"3","462:1",30,"183.82352941",3.56605,69538,19500,693,25.9
"185",41071,2022,"Oregon","Yamhill","5695.2879127",18.3,4.01038,4.57971,"2862","16.8","6.6215688825",23.03171,"511","211:1",3664,"127.99672951",4.23576,126861,29950,54221,10.1
"186",41000,2023,"Oregon","state_year","6072.1798084",12.7,2.94138,4.60099,"1884",NA,"6.5544124078",19.88073,"26837","158:1",112198,NA,4.52102,135192,29903,2148337,13.8
"187",41001,2023,"Oregon","Baker","9508.7837034",13.8,3.36305,4.85606,"498",NA,"8.2493125573",21.90182,"118","143:1",384,NA,4.69639,101766,21669,7467,20.4
"188",41003,2023,"Oregon","Benton","3953.6634814",11.1,2.88072,4.97073,"1518",NA,"5.2868852459",19.25923,"1193","80:1",1873,NA,5.52616,138154,25000,47556,11.4
"189",41005,2023,"Oregon","Clackamas","5267.4261275",10.8,2.73312,4.62264,"1733",NA,"5.9765821421",20.07637,"1567","270:1",10797,NA,4.20773,165751,39392,222815,8.9
"190",41007,2023,"Oregon","Clatsop","6873.8441754",13.2,3.24499,5.20673,"2272",NA,"6.5543756866",21.41932,"152","275:1",1168,NA,4.18623,118060,28202,19452,16.9
"191",41009,2023,"Oregon","Columbia","6675.0100221",13.1,3.24861,4.95078,"2737",NA,"6.2090572486",20.84255,"216","246:1",1418,NA,3.86553,126828,32810,24640,12.5
"192",41011,2023,"Oregon","Coos","7452.2704446",15.5,3.53526,4.84976,"2533",NA,"6.447746884",19.30516,"320","203:1",1696,NA,5.01151,104896,20931,27033,24.4
"193",41013,2023,"Oregon","Crook","7348.3065716",13.8,3.30754,4.9142,"1352",NA,"7.3891625616",20.62526,"130","198:1",736,NA,3.81017,111539,29274,10941,16.6
"194",41015,2023,"Oregon","Curry","8389.9126443",13.7,3.27806,4.91324,"1351",NA,"6.4212328767",20.4906,"117","202:1",612,NA,4.56522,108593,23787,9158,22.4
"195",41017,2023,"Oregon","Deschutes","5004.5523599",11.6,3.07524,4.68268,"1243",NA,"6.8831989885",22.55961,"1141","179:1",5429,NA,4.26012,139604,32770,102553,10.1
"196",41019,2023,"Oregon","Douglas","9195.1618387",14.4,3.50466,4.8478,"1453",NA,"7.1476285905",20.84524,"407","275:1",2787,NA,4.15734,99585,23954,47860,22.1
"197",41021,2023,"Oregon","Gilliam",NA,15.2,3.56377,4.94899,"911",NA,"10.256410256",20.3662,"3","668:1",45,NA,5.31714,93938,17667,940,14.8
"198",41023,2023,"Oregon","Grant","7429.3444154",14.6,3.53333,4.98689,"268",NA,"7.3732718894",20.65934,"34","214:1",217,NA,4.32108,94260,21814,3247,21.3
"199",41025,2023,"Oregon","Harney","8437.8441869",14.2,3.3909,4.91506,"1331",NA,"6.0377358491",20.6829,"55","138:1",193,NA,3.54637,85971,24242,3761,22.5
"200",41027,2023,"Oregon","Hood River","4440.6811441",13.3,3.11328,4.93239,"1021",NA,"5.2287581699",20.50732,"99","243:1",652,NA,4.14398,153555,37055,14410,13.1
"201",41029,2023,"Oregon","Jackson","6893.8191421",13.5,3.14443,4.75173,"1702",NA,"6.8536024527",19.43573,"1305","171:1",5843,NA,4.43718,114386,25779,107706,15.5
"202",41031,2023,"Oregon","Jefferson","10746.276304",15.8,3.57034,4.99964,"1760",NA,"7.411116675",20.00313,"62","404:1",677,NA,4.66993,115805,24798,10459,22.6
"203",41033,2023,"Oregon","Josephine","9342.755146",15.8,3.78433,5.21193,"1972",NA,"7.0453770044",19.01446,"789","112:1",2280,NA,4.69715,101125,21529,36990,23.6
"204",41035,2023,"Oregon","Klamath","9589.9225019",16.2,3.77057,5.11331,"1829",NA,"8.2224247949",19.24776,"343","205:1",2008,NA,5.10184,100343,19668,29770,23.9
"205",41037,2023,"Oregon","Lake","9465.2543667",16,3.64482,4.98299,"1887",NA,"9.8837209302",20.07559,"21","394:1",204,NA,5.48324,96324,17567,3721,20.1
"206",41039,2023,"Oregon","Lane","6556.945516",14.2,3.49595,5.38124,"2080",NA,"6.7356427764",20.5405,"3861","99:1",10055,NA,4.58274,113377,24740,182197,14.8
"207",41041,2023,"Oregon","Lincoln","8688.9298384",13.8,3.2523,5.00139,"1925",NA,"7.3144876325",21.01819,"252","202:1",1439,NA,4.22779,102156,24163,21119,22.1
"208",41043,2023,"Oregon","Linn","7287.6014204",13.9,3.40406,4.96698,"2213",NA,"5.9681313375",21.27231,"274","474:1",3401,NA,3.89197,112081,28798,60636,14.5
"209",41045,2023,"Oregon","Malheur","7442.4942945",18.9,3.83337,4.43969,"1209",NA,"7.2331460674",19.59851,"167","190:1",554,NA,5.0911,95728,18803,12717,24.4
"210",41047,2023,"Oregon","Marion","6120.286626",15.9,3.3996,4.70567,"2314",NA,"6.293008876",16.99734,"1431","243:1",8515,NA,4.05899,119992,29562,167425,16
"211",41049,2023,"Oregon","Morrow","7258.1267068",20.1,3.99125,5.0219,"2449",NA,"6.7366579178",17.97222,"117","105:1",272,NA,3.98447,117753,29553,5966,15.7
"212",41051,2023,"Oregon","Multnomah","6123.8849759",11.9,2.87849,5.12445,"2127",NA,"6.7021329488",22.2419,"8068","100:1",25641,NA,4.8692,151919,31200,461936,12.7
"213",41053,2023,"Oregon","Polk","5675.5576163",13.1,3.1798,4.97186,"1820",NA,"6.274050527",21.37309,"264","338:1",2032,NA,4.65571,132967,28560,42006,12.6
"214",41055,2023,"Oregon","Sherman",NA,13.6,3.26899,4.88128,"1737",NA,NA,21.34799,NA,NA,41,NA,4.01926,97467,24250,963,18.8
"215",41057,2023,"Oregon","Tillamook","7518.6150874",13.4,3.31415,4.76145,"2284",NA,"5.2999417589",20.45081,"85","326:1",668,NA,3.87466,100373,25905,12137,21.3
"216",41059,2023,"Oregon","Umatilla","7692.8065131",16.1,3.42278,4.97411,"1859",NA,"6.1733865013",19.31416,"347","231:1",1969,NA,4.45472,114602,25726,37687,16.4
"217",41061,2023,"Oregon","Union","8024.4308884",14,3.31644,4.52762,"1920",NA,"7.0480081716",21.13568,"108","243:1",680,NA,4.19487,101260,24139,12222,22
"218",41063,2023,"Oregon","Wallowa",NA,12.2,2.99777,4.82454,"2481",NA,"4.9763033175",21.5932,"22","343:1",196,NA,3.98414,107516,26986,3622,17.4
"219",41065,2023,"Oregon","Wasco","7081.6656996",14.8,3.3513,4.94419,"1636",NA,"6.5134099617",20.12697,"161","166:1",716,NA,4.15414,109740,26417,13684,18.5
"220",41067,2023,"Oregon","Washington","4101.8007048",10.6,2.633,4.27345,"1893",NA,"6.4767959863",18.64276,"3051","197:1",14352,NA,3.99036,166785,41797,327487,9.1
"221",41069,2023,"Oregon","Wheeler",NA,14.9,3.50873,4.98952,NA,NA,NA,20.3169,"4","363:1",24,NA,3.70881,77885,21000,726,33
"222",41071,2023,"Oregon","Yamhill","5695.2879127",12.7,3.03482,4.86688,"2374",NA,"6.6215688825",21.53446,"549","197:1",2624,NA,4.08251,132600,32480,55328,12.1
